{"cameraMode":{"drawMode":0,"name":"Shaded","section":"Shading Mode"},"sceneLighting":true,"audioPlay":false,"sceneViewState":{"m_AlwaysRefresh":false,"showFog":true,"showSkybox":true,"showFlares":true,"showImageEffects":true,"showParticleSystems":true,"showVisualEffectGraphs":true,"m_FxEnabled":true},"in2DMode":false,"pivot":{"x":0.4501468539237976,"y":-0.003208160400390625,"z":1.8089842796325684},"rotation":{"x":-0.39760497212409975,"y":-0.005832526367157698,"z":0.0023309835232794286,"w":-0.9175630807876587},"size":10.791985511779786,"orthographic":false}